{
  "generatedAt": "2026-07-11T01:24:19.370Z",
  "models": {
    "ground.grass-block": {
      "file": "assets/models/ground.grass-block.glb",
      "bytes": 15696,
      "aabb": {
        "min": [
          -0.5410624742507935,
          -1.88079096131566e-37,
          -0.5410624742507935
        ],
        "max": [
          0.5410624742507935,
          1,
          0.5410624742507935
        ]
      },
      "size": [
        1.082124948501587,
        1,
        1.082124948501587
      ],
      "clips": [],
      "materials": 1,
      "meshes": 1
    },
    "ground.path-stone": {
      "file": "assets/models/ground.path-stone.glb",
      "bytes": 8736,
      "aabb": {
        "min": [
          -0.5,
          -0.05,
          -0.2985536456108093
        ],
        "max": [
          0.5,
          7.450580569168253e-10,
          0.2780592739582062
        ]
      },
      "size": [
        1,
        0.05000000074505806,
        0.5766129195690155
      ],
      "clips": [],
      "materials": 3,
      "meshes": 1
    },
    "nature.tree": {
      "file": "assets/models/nature.tree.glb",
      "bytes": 6920,
      "aabb": {
        "min": [
          -0.3775000274181366,
          -0.05,
          -0.32692450284957886
        ],
        "max": [
          0.3775000274181366,
          1.6578874111175537,
          0.32692450284957886
        ]
      },
      "size": [
        0.7550000548362732,
        1.7078874111175537,
        0.6538490056991577
      ],
      "clips": [],
      "materials": 2,
      "meshes": 1
    },
    "nature.pine": {
      "file": "assets/models/nature.pine.glb",
      "bytes": 5360,
      "aabb": {
        "min": [
          -0.17917943000793457,
          -0.05,
          -0.1939135044813156
        ],
        "max": [
          0.2070934921503067,
          1.4796059846878051,
          0.19803650677204132
        ]
      },
      "size": [
        0.38627292215824127,
        1.5296059846878052,
        0.39195001125335693
      ],
      "clips": [],
      "materials": 2,
      "meshes": 1
    },
    "nature.bush": {
      "file": "assets/models/nature.bush.glb",
      "bytes": 3104,
      "aabb": {
        "min": [
          -0.1979999989271164,
          -0.05,
          -0.1979999989271164
        ],
        "max": [
          0.1979999989271164,
          0.19444358050823213,
          0.1979999989271164
        ]
      },
      "size": [
        0.3959999978542328,
        0.24444358050823212,
        0.3959999978542328
      ],
      "clips": [],
      "materials": 1,
      "meshes": 1
    },
    "nature.flower-purple": {
      "file": "assets/models/nature.flower-purple.glb",
      "bytes": 5300,
      "aabb": {
        "min": [
          -0.10453449934720993,
          -0.05,
          -0.09052953124046326
        ],
        "max": [
          0.054563019424676895,
          0.1924999922513962,
          0.09052953124046326
        ]
      },
      "size": [
        0.15909751877188683,
        0.24249999225139618,
        0.1810590624809265
      ],
      "clips": [],
      "materials": 2,
      "meshes": 1
    },
    "nature.flower-red": {
      "file": "assets/models/nature.flower-red.glb",
      "bytes": 5300,
      "aabb": {
        "min": [
          -0.10453449934720993,
          -0.05,
          -0.09052953124046326
        ],
        "max": [
          0.054563019424676895,
          0.24249998927116395,
          0.09052953124046326
        ]
      },
      "size": [
        0.15909751877188683,
        0.29249998927116394,
        0.1810590624809265
      ],
      "clips": [],
      "materials": 2,
      "meshes": 1
    },
    "nature.flower-yellow": {
      "file": "assets/models/nature.flower-yellow.glb",
      "bytes": 5312,
      "aabb": {
        "min": [
          -0.10453449934720993,
          -0.05,
          -0.09052953124046326
        ],
        "max": [
          0.054563019424676895,
          0.14249999523162843,
          0.09052953124046326
        ]
      },
      "size": [
        0.15909751877188683,
        0.19249999523162842,
        0.1810590624809265
      ],
      "clips": [],
      "materials": 2,
      "meshes": 1
    },
    "nature.grass": {
      "file": "assets/models/nature.grass.glb",
      "bytes": 8112,
      "aabb": {
        "min": [
          -0.19883659482002258,
          -0.05,
          -0.23933875560760498
        ],
        "max": [
          0.1822374016046524,
          0.2040000081062317,
          0.15284404158592224
        ]
      },
      "size": [
        0.381073996424675,
        0.2540000081062317,
        0.3921827971935272
      ],
      "clips": [],
      "materials": 1,
      "meshes": 1
    },
    "nature.mushroom": {
      "file": "assets/models/nature.mushroom.glb",
      "bytes": 3876,
      "aabb": {
        "min": [
          -0.08607132732868195,
          -0.05,
          -0.09540864080190659
        ],
        "max": [
          0.08789588510990143,
          0.1528000056743622,
          0.10547135770320892
        ]
      },
      "size": [
        0.17396721243858337,
        0.20280000567436218,
        0.2008799985051155
      ],
      "clips": [],
      "materials": 2,
      "meshes": 1
    },
    "nature.rock-small": {
      "file": "assets/models/nature.rock-small.glb",
      "bytes": 2456,
      "aabb": {
        "min": [
          -0.18039999902248383,
          -0.04999999999999998,
          -0.18039999902248383
        ],
        "max": [
          0.18039999902248383,
          0.14122400879859925,
          0.18039999902248383
        ]
      },
      "size": [
        0.36079999804496765,
        0.19122400879859924,
        0.36079999804496765
      ],
      "clips": [],
      "materials": 2,
      "meshes": 1
    },
    "deco.fence": {
      "file": "assets/models/deco.fence.glb",
      "bytes": 4260,
      "aabb": {
        "min": [
          -0.5,
          -0.05,
          -0.5
        ],
        "max": [
          0.5,
          0.29502729773521424,
          -0.4300000071525574
        ]
      },
      "size": [
        1,
        0.34502729773521423,
        0.06999999284744263
      ],
      "clips": [],
      "materials": 2,
      "meshes": 1
    },
    "deco.fence-gate": {
      "file": "assets/models/deco.fence-gate.glb",
      "bytes": 21416,
      "aabb": {
        "min": [
          -0.5,
          -0.05,
          -0.5000000121219186
        ],
        "max": [
          0.5,
          0.29502729773521424,
          -0.42999999821870993
        ]
      },
      "size": [
        1,
        0.34502729773521423,
        0.07000001390320865
      ],
      "clips": [],
      "materials": 3,
      "meshes": 2
    },
    "deco.bench": {
      "file": "assets/models/deco.bench.glb",
      "bytes": 21032,
      "aabb": {
        "min": [
          -0.4035762846469879,
          0,
          -0.22755920886993408
        ],
        "max": [
          0.4035762846469879,
          0.5259795784950256,
          0.22755920886993408
        ]
      },
      "size": [
        0.8071525692939758,
        0.5259795784950256,
        0.45511841773986816
      ],
      "clips": [],
      "materials": 1,
      "meshes": 1
    },
    "deco.lantern": {
      "file": "assets/models/deco.lantern.glb",
      "bytes": 19032,
      "aabb": {
        "min": [
          -0.10822424292564392,
          0,
          -0.11215999722480774
        ],
        "max": [
          0.10822424292564392,
          1.555999994277954,
          0.11215999722480774
        ]
      },
      "size": [
        0.21644848585128784,
        1.555999994277954,
        0.22431999444961548
      ],
      "clips": [],
      "materials": 1,
      "meshes": 1
    },
    "building.stall": {
      "file": "assets/models/building.stall.glb",
      "bytes": 28736,
      "aabb": {
        "min": [
          -0.5,
          0,
          -0.5
        ],
        "max": [
          0.5,
          1.236982822418213,
          0.5
        ]
      },